"","ID","adj.P.Val","P.Value","t","B","logFC","SPOT_ID"
"14245_at","14245_at",0.000704432204753237,7.92084590246823e-08,7.56090551738877,7.69779818924821,0.249751183363477,14245
"17750_at","17750_at",0.000704432204753237,1.14736792672489e-07,7.39959357975689,7.37969494921698,0.662785151201423,17750
"252838_at","252838_at",0.000704432204753237,1.57802913251173e-07,7.26202002859449,7.10504574541861,0.239644923828207,252838
"17748_at","17748_at",0.000984081996338832,2.93931301176473e-07,6.99649363138589,6.56632907217656,0.464842984134435,17748
"56458_at","56458_at",0.00291881002826443,1.30415959631053e-06,6.37495561800083,5.2625322308815,0.16681602427945,56458
"170768_at","170768_at",0.00291881002826443,1.30771058613998e-06,6.37383838232976,5.26013705889858,0.344745668382084,170768
"19017_at","19017_at",0.00603093438784545,3.4659721624425e-06,5.97685555238704,4.39823278901785,0.231072828776115,19017
"21928_at","21928_at",0.00603093438784545,4.00834651336691e-06,-5.91820218414234,4.26913972053755,-0.22107060350152,21928
"12877_at","12877_at",0.00603093438784545,4.72103631804221e-06,5.85233944028833,4.12367550353207,0.332962678830733,12877
"28248_at","28248_at",0.00603093438784545,5.1924648394244e-06,-5.81410804041798,4.03899892550071,-0.261400361621955,28248
"13094_at","13094_at",0.00603093438784545,5.50224237252132e-06,5.79085849706099,3.98742065565327,0.600318736123711,13094
"55947_at","55947_at",0.00603093438784545,5.58896388235358e-06,5.7845875151769,3.97349792435767,0.299827602209902,55947
"12457_at","12457_at",0.00603093438784545,6.27943268676928e-06,5.73792062124117,3.86974668751945,0.348313617653851,12457
"12609_at","12609_at",0.00603093438784545,6.73084366156309e-06,5.71014554756315,3.80787892391145,0.199066467023107,12609
"53412_at","53412_at",0.00603093438784545,6.75507883943263e-06,-5.70870827019569,3.80467509855696,-0.489949005518388,53412
"18626_at","18626_at",0.00775838498846412,9.2692771666238e-06,5.58244948250515,3.52235430569001,0.275036901433531,18626
"12686_at","12686_at",0.00887188175109039,1.19191188165025e-05,-5.48247919665915,3.2976385458635,-0.56902617031708,12686
"20454_at","20454_at",0.00887188175109039,1.19245722460892e-05,5.48229759979872,3.29722944650348,0.158597286634088,20454
"14229_at","14229_at",0.00968894655544521,1.37462652743025e-05,5.42590502836039,3.17003659862364,0.186264940250335,14229
"18585_at","18585_at",0.00983473989550643,1.47863083269885e-05,-5.39700917403279,3.10474718898207,-0.250220079257151,18585
"56484_at","56484_at",0.00983473989550643,1.55308127354765e-05,5.37755951963698,3.0607584994006,0.160791586407019,56484
"55990_at","55990_at",0.00983473989550643,1.61562334006229e-05,5.36193568085613,3.02539808490955,0.297316423537948,55990
"107449_at","107449_at",0.0100675918137403,1.72905176012566e-05,5.33509874525596,2.96460984247823,0.257734681556529,107449
"12737_at","12737_at",0.0106850220116618,1.91487849671359e-05,-5.29475831897261,2.8731189881403,-0.214152884218252,12737
"22151_at","22151_at",0.0119009791146868,2.28383717726912e-05,-5.22521943911565,2.71509400536323,-0.284822350163151,22151
"50794_at","50794_at",0.0119009791146868,2.31052461904015e-05,5.22063847565991,2.7046705288593,0.180653722491088,50794
"18984_at","18984_at",0.015293045799043,3.08327536271029e-05,5.10701679295393,2.44564349103475,0.198535807558768,18984
"67333_at","67333_at",0.0160715154334307,3.44996077260786e-05,5.06283339979883,2.34467765695358,0.18256716137948,67333
"69627_at","69627_at",0.0160715154334307,3.48024154397768e-05,-5.05939883152642,2.33682392175354,-0.328578948139859,69627
"639769_at","639769_at",0.0171555362698019,3.84308608194487e-05,-5.02043546669521,2.24767695176291,-0.452124260664112,639769
"12608_at","12608_at",0.01730364564958,4.00547352999538e-05,5.00418325764467,2.21046581173615,0.0994418492365448,12608
"16194_at","16194_at",0.025079117807422,5.99262074251422e-05,4.84617697940842,1.84797457903438,0.152179321667672,16194
"53376_at","53376_at",0.0253896559830504,6.25641164456887e-05,4.82929969308247,1.80918795808698,0.606173631197104,53376
"11997_at","11997_at",0.0257823860338549,6.54570732639686e-05,4.81159304775078,1.76848342262771,0.481526912482166,11997
"20509_at","20509_at",0.0299860549473667,7.83685725177594e-05,4.74110005641919,1.60632313327168,0.157657756308755,20509
"75600_at","75600_at",0.0307096032099666,8.25526968009854e-05,4.72074005536319,1.5594588310194,0.24490934670322,75600
"70737_at","70737_at",0.0324913806131977,9.03906593070032e-05,-4.68524113618891,1.47772208577309,-0.211034931757647,70737
"64540_at","64540_at",0.0324913806131977,9.44996529953463e-05,4.66784491007887,1.43765631920391,0.118253696933213,64540
"18188_at","18188_at",0.0324913806131977,9.7683191682936e-05,4.65487995711001,1.40779227826509,0.181765746585584,18188
"20503_at","20503_at",0.0324913806131977,0.000100763515087422,4.6427319755288,1.37980718950755,0.133983394249346,20503
"214804_at","214804_at",0.0324913806131977,0.000101084141952437,4.64148893774593,1.37694347637667,0.183839235567138,214804
"229599_at","229599_at",0.0324913806131977,0.000101899491170423,4.63834560769261,1.36970174689545,0.786336363290341,229599
"12125_at","12125_at",0.0333288606037512,0.000107379489003843,4.6178507018994,1.32248083081351,0.194315080757373,12125
"215160_at","215160_at",0.0333288606037512,0.000109503424922719,4.61018752737538,1.30482301927107,0.165268698151401,215160
"110960_at","110960_at",0.0351856034334618,0.000118231194332869,-4.58018522072323,1.23568334220785,-0.143263352336762,110960
"12741_at","12741_at",0.03708542191679,0.000127384215066632,-4.55101282953713,1.16844777130673,-0.171303278019883,12741
"104175_at","104175_at",0.0379406752174529,0.000134752574311066,4.52901261568255,1.11773884853272,0.231339554709356,104175
"59027_at","59027_at",0.0379406752174529,0.000135988083216677,4.52544175284129,1.109508083823,0.178378813579263,59027
"217082_at","217082_at",0.038480830126046,0.000142249851356258,4.50782843186065,1.06890935572556,0.147743136668363,217082
"223775_at","223775_at",0.038480830126046,0.000145039014491817,4.50023095093009,1.05139707296403,0.143855713384943,223775
"20387_at","20387_at",0.038480830126046,0.000146544379960301,4.49619085941633,1.04208462533595,0.227701443605368,20387
"71137_at","71137_at",0.0387213463115501,0.000150969778202603,-4.48454970744788,1.01525179992637,-0.42948039263691,71137
"22390_at","22390_at",0.0387213463115501,0.000153243082027491,4.47870152810526,1.00177188635443,0.425582163644171,22390
"20620_at","20620_at",0.0389046048403483,0.000157211142066384,-4.46869805993109,0.978714421965881,-0.151574692507218,20620
"21685_at","21685_at",0.0389046048403483,0.000160554939349448,4.46046214679101,0.959731434628449,0.278075302362226,21685
"69571_at","69571_at",0.0389046048403483,0.000162683532785208,4.45530804741051,0.947851931467442,0.281892592799874,69571
"71145_at","71145_at",0.0395679621807625,0.000168412025410951,-4.4417646486176,0.916637113840936,-0.260125050056984,71145
"22329_at","22329_at",0.0403603668810778,0.000174798482609208,4.42719729358848,0.883064028068428,0.13268307539206,22329
"12274_at","12274_at",0.0408120747365604,0.000179802300586698,-4.41615000091705,0.85760501787206,-0.13598663919009,12274
"244152_at","244152_at",0.0413107379701862,0.000189663394081357,4.39524901814538,0.809441872401806,0.274191804953293,244152
"76866_at","76866_at",0.0413107379701862,0.000194590323480807,4.38520876106285,0.786307861625737,0.18839303257497,76866
"216551_at","216551_at",0.0413107379701862,0.000199672906971666,-4.37511343199539,0.763048618682014,-0.269749649230909,216551
"277753_at","277753_at",0.0413107379701862,0.000201372105032841,-4.37179543264153,0.755404466240891,-0.225818875919141,277753
"242484_at","242484_at",0.0413107379701862,0.000201401864339614,-4.3717375710222,0.755271163870322,-0.107777634798348,242484
"13120_at","13120_at",0.0413107379701862,0.000203896651326407,-4.36691695625742,0.74416558443649,-0.11983252681846,13120
"66866_at","66866_at",0.0413107379701862,0.000205118756563533,4.36457692012247,0.738774841001194,0.149148419129958,66866
"13170_at","13170_at",0.0413107379701862,0.000207540700901514,4.35998024967097,0.728185795812062,0.490910796047928,13170
"22156_at","22156_at",0.0413107379701862,0.000209761811676573,-4.35581148883298,0.718582861244387,-0.162249593176134,22156
"16175_at","16175_at",0.0422833514447621,0.000217857769540665,-4.34097995868628,0.684420704487234,-0.273974531899253,16175
"21873_at","21873_at",0.0464903258695371,0.000245672212021234,-4.29390591020124,0.576028139271151,-0.12630054324773,21873
"76954_at","76954_at",0.0464903258695371,0.000247439206449466,-4.29109733658113,0.569563043617566,-0.208289518120151,76954
"67608_at","67608_at",0.0464903258695371,0.000249947988545898,4.28714381301778,0.560462772723645,0.154577220254653,67608
"18628_at","18628_at",0.047399463833417,0.000258375213548345,4.27414677914677,0.530549450155798,0.397997336839446,18628
"64898_at","64898_at",0.0474391121328976,0.000263192183527036,4.26690585332437,0.513886458009758,0.107263782843846,64898
"16973_at","16973_at",0.0474391121328976,0.000265676031210224,-4.26322344952364,0.505413094016723,-0.219591647984616,16973
"241494_at","241494_at",0.0482603750097381,0.000277739631655124,4.24581212817886,0.465355317908716,0.154204911383015,241494
"71890_at","71890_at",0.0482603750097381,0.000278488637195278,-4.24475602567631,0.462925920849348,-0.124275600723262,71890
"71275_at","71275_at",0.0482603750097381,0.000287796274787636,4.23186275770342,0.433270369970477,0.178244279692891,71275
"237256_at","237256_at",0.0482603750097381,0.000287919580136543,-4.23169474717055,0.432883974249418,-0.200775115222019,237256
"71893_at","71893_at",0.0482603750097381,0.000289008641406058,4.23021393702341,0.429478409765241,0.166825877060735,71893
"69906_at","69906_at",0.0482603750097381,0.000291897429494384,4.22631272149453,0.420506813884466,0.119326382029076,69906
"12753_at","12753_at",0.0483326396302547,0.000298923478557591,-4.21698215543205,0.399051853705862,-0.198786105062882,12753
"171281_at","171281_at",0.0483326396302547,0.000302639946895063,4.21213444646275,0.387906306617952,0.41019047403571,171281
"12916_at","12916_at",0.0483326396302547,0.000308809197676783,-4.2042164609695,0.369703901741063,-0.123170594262306,12916
"17347_at","17347_at",0.0483326396302547,0.000309048108807132,4.20391299776121,0.369006333212158,0.121957785027544,17347
"53897_at","53897_at",0.0483326396302547,0.000310567373883418,4.20198867379353,0.364582997453416,0.295557468370895,53897
"77065_at","77065_at",0.0483326396302547,0.000313988922329164,-4.19768891069969,0.354699956989559,-0.119140848100943,77065
"230676_at","230676_at",0.0484500452884076,0.000319749303291356,-4.19055405379585,0.338302239667675,-0.172512019517398,230676
"22145_at","22145_at",0.0484500452884076,0.000326584437403114,-4.18225177160075,0.319224390242702,-0.111301251733422,22145
"17133_at","17133_at",0.0484500452884076,0.000331898795002278,4.17591506215165,0.304665396714964,0.304143144753678,17133
"12550_at","12550_at",0.0484500452884076,0.000335604700520026,-4.1715555675343,0.294650288234052,-0.138784545613338,12550
"19243_at","19243_at",0.0484500452884076,0.000336510441353572,4.17049735422365,0.292219382731472,0.118403330806227,19243
"26379_at","26379_at",0.0484500452884076,0.0003376508231186,4.16916901426314,0.28916802481152,0.126766413222176,26379
"98845_at","98845_at",0.0484500452884076,0.000340076482759134,-4.16635830495369,0.282711768513217,-0.184856272526843,98845
"12190_at","12190_at",0.0489425730063102,0.000347188204569853,4.15823092705844,0.264045213526812,0.215225813788552,12190
"19729_at","19729_at",0.0504096473682344,0.000362701873650281,-4.14106040022662,0.224619865621565,-0.155128807905496,19729
"15953_at","15953_at",0.0504096473682344,0.00036512364058533,-4.13844593188744,0.218618124951304,-0.137988053203804,15953
"54140_at","54140_at",0.0507998000089977,0.000373419013067565,-4.12961907510414,0.198358027355073,-0.366654076718047,54140
"104174_at","104174_at",0.0507998000089977,0.000376715183695008,-4.12616560067066,0.190432501454055,-0.134579742975427,104174
"83961_at","83961_at",0.0507998000089977,0.000379329450485347,4.12344781603248,0.184195807365816,0.368965835748181,83961
"69288_at","69288_at",0.0515281645909539,0.000388615936655193,4.11394155994921,0.162384401342734,0.119841042049879,69288
"67876_at","67876_at",0.0518927420213749,0.000395240418621583,4.10729696107718,0.147141939061737,0.202337185210667,67876
"11833_at","11833_at",0.0520446158131234,0.000400283410151711,-4.10231225743692,0.135708912537061,-0.149585106998807,11833
"13195_at","13195_at",0.0521997000104401,0.000405374014417994,-4.09734323080731,0.124313314306686,-0.174699253416877,13195
"19698_at","19698_at",0.0522059730034507,0.000411667728265554,-4.09128463488061,0.110420995006881,-0.235339863843808,19698
"76654_at","76654_at",0.0522059730034507,0.000414063292492042,4.08900265195967,0.105189005107693,0.313734768697095,76654
"68453_at","68453_at",0.0522059730034507,0.000417117615842983,-4.08611204393334,0.0985620584363103,-0.0970008817941146,68453
"76574_at","76574_at",0.0522249507505526,0.000422712205802448,4.08087130951829,0.0865485890650648,0.198067673393735,76574
"226781_at","226781_at",0.0522249507505526,0.000427107170338686,-4.07680229982784,0.0772222868116934,-0.295785265932768,226781
"18671_at","18671_at",0.0522249507505526,0.000428968382807705,4.0750916138449,0.0733016533174098,0.306087010159368,18671
"74008_at","74008_at",0.0528767378783595,0.000440056400751629,-4.06505026383406,0.0502922010399898,-0.133771915293195,74008
"26399_at","26399_at",0.0528767378783595,0.000443981536033356,4.06155560748786,0.0422858453971626,0.308191935046541,26399
"11655_at","11655_at",0.0528767378783595,0.000446167217760949,4.05962287409392,0.0378582460456043,0.181166112502624,11655
"14699_at","14699_at",0.053296562127575,0.000455189959710507,-4.0517423417691,0.0198077277756497,-0.236885608395353,14699
"235497_at","235497_at",0.053296562127575,0.000459664643342433,-4.04789131276763,0.0109883969171776,-0.215200917773409,235497
"108960_at","108960_at",0.053296562127575,0.000461648835633117,-4.04619552905135,0.00710516512325743,-0.12485692876521,108960
"231327_at","231327_at",0.0533386430046075,0.00046599620904563,4.04250514588157,-0.00134488133757582,0.125160520155875,231327
"230674_at","230674_at",0.0545457510130197,0.000482565383181382,-4.02874572125651,-0.0328420852337237,-0.152658885445065,230674
"233115_at","233115_at",0.0545457510130197,0.000484688199712466,-4.02701677525482,-0.0367989267640354,-0.237559079487833,233115
"66632_at","66632_at",0.0578133151670263,0.000518040458485899,-4.00079428219602,-0.0967844224077252,-0.126107692823746,66632
"28250_at","28250_at",0.0581075309836505,0.000525015774269841,3.99552170572245,-0.10883949115556,0.188428000921723,28250
"18551_at","18551_at",0.0591949524663441,0.000539261066374999,3.98496568193653,-0.13296798223949,0.346867386543685,18551
"14369_at","14369_at",0.0593546794339023,0.000545148265409945,-3.98068345201284,-0.142753604192441,-0.152429807438593,14369
"67547_at","67547_at",0.0607751686189493,0.000562733042768049,-3.96815962308682,-0.171364198746729,-0.11020417835439,67547
"66082_at","66082_at",0.0608940507090005,0.000573717927940629,3.96053101214257,-0.188785400756124,0.118715771168217,66082
"15205_at","15205_at",0.0608940507090005,0.000573837756699381,-3.96044859361296,-0.188973590743641,-0.169004589852432,15205
"22169_at","22169_at",0.0608940507090005,0.000577474943252917,-3.95795498517685,-0.194667091504684,-0.168366277416615,22169
"74152_at","74152_at",0.061208514075294,0.000585027613622882,-3.95282616229414,-0.206375766554726,-0.104807549000958,74152
"74246_at","74246_at",0.0617574362562143,0.000597906909080749,-3.94422919402643,-0.225996901739099,-0.282674337504706,74246
"270166_at","270166_at",0.0617574362562143,0.000599497215748795,-3.9431803708844,-0.228390228909947,-0.17773194418924,270166
"69638_at","69638_at",0.062829719733206,0.000614873408981517,-3.93317903107886,-0.251207633982736,-0.268088793733227,69638
"99382_at","99382_at",0.062829719733206,0.00061928935220902,-3.93035233747626,-0.257654954673002,-0.275000648529434,99382
"16774_at","16774_at",0.0668502544372363,0.000668180272294375,-3.90032211481393,-0.32610528076339,-0.273672269556234,16774
"224833_at","224833_at",0.0668502544372363,0.000668901888783577,-3.89989531236404,-0.327077524256677,-0.16197695273544,224833
"170458_at","170458_at",0.0683510602919819,0.00068902278520143,3.88817411577684,-0.353771291536063,0.177672113314027,170458
"15903_at","15903_at",0.0696724459467461,0.000707545747368389,-3.87767847365572,-0.377662733634219,-0.114883404426272,15903
"14287_at","14287_at",0.0698042115355617,0.000714096250027775,-3.87403151664873,-0.385961845005991,-0.145928313799244,14287
"69134_at","69134_at",0.0728396620351131,0.00075058791523638,-3.85429981529288,-0.430840712443604,-0.0898169596700691,69134
"13123_at","13123_at",0.0743972856938153,0.000772194049540049,-3.84305793141146,-0.456392054937944,-0.257798327836699,13123
"234725_at","234725_at",0.0751286744683257,0.000790752495761238,3.83364649172219,-0.477772846197077,0.150331794632921,234725
"209760_at","209760_at",0.0751286744683257,0.000791005309142319,3.8335197917489,-0.478060617485135,0.157530441988887,209760
"70575_at","70575_at",0.0751930208899452,0.000797297563199837,-3.83037914816115,-0.48519335412181,-0.159280359622453,70575
"19716_at","19716_at",0.075703715472167,0.000808365540062715,3.82491357614541,-0.497603723609929,0.349979130261898,19716
"50798_at","50798_at",0.0757358063496255,0.000814363509135758,3.82198237720048,-0.504258102056212,0.0954112072478024,50798
"228357_at","228357_at",0.0762018007241464,0.000825064299955289,3.81680531810899,-0.516008720935087,0.180127215946215,228357
"67430_at","67430_at",0.0776854399316171,0.000851375634978253,3.80435174306781,-0.544263082731433,0.15139062695065,67430
"55985_at","55985_at",0.0776854399316171,0.000852729963407087,-3.80372101291973,-0.545693607558009,-0.41973536010296,55985
"54720_at","54720_at",0.0782465381259189,0.000864731753482378,3.79817429999864,-0.558271875785587,0.140391457813766,54720
"11931_at","11931_at",0.0788147629186661,0.000876896630442149,3.79262898925284,-0.570843476130225,0.0986010088061637,11931
"21938_at","21938_at",0.0799628434374859,0.000895641167534564,3.78423081021807,-0.589876011438307,0.136068099683452,21938
"16658_at","16658_at",0.0806621358284967,0.000909496901889411,3.77813338141363,-0.603689303383037,0.117881078609036,16658
"11865_at","11865_at",0.08168094277932,0.000927083579932545,-3.77052433998723,-0.620920926655141,-0.55703043682291,11865
"211401_at","211401_at",0.0823608533552911,0.000940950609569858,3.76462405980827,-0.634278119606365,0.126777995846508,211401
"381534_at","381534_at",0.0833604364622179,0.000958595222161108,-3.75723884120215,-0.650991065921708,-0.306610625359465,381534
"16154_at","16154_at",0.0842919111001998,0.000978759819707224,-3.74896074360955,-0.669716753414061,-0.17408034000685,16154
"18627_at","18627_at",0.0842919111001998,0.000985202917316559,3.7463509871398,-0.67561848039778,0.404950134716906,18627
"54634_at","54634_at",0.0842919111001998,0.000988189220634063,-3.74514707744004,-0.678340729608403,-0.179756990497749,54634
"19252_at","19252_at",0.0843439907240324,0.00100252247611186,-3.73941802256172,-0.691292657465051,-0.107940649517031,19252
"104252_at","104252_at",0.0843439907240324,0.00100546815171819,-3.73825059909182,-0.693931402265886,-0.160888922066791,104252
"27404_at","27404_at",0.0843439907240324,0.00100769403493468,-3.73737066875787,-0.695920209431627,-0.0971319250738731,27404
"207521_at","207521_at",0.0855467345961929,0.00102845163306355,-3.72925555735354,-0.714257293362976,-0.141862314915097,207521
"70894_at","70894_at",0.0864807614286777,0.00105428458725847,3.71937802877144,-0.736565498498687,0.220878304970853,70894
"244233_at","244233_at",0.0864807614286777,0.00105541431890989,-3.71895150598345,-0.737528510387073,-0.123428614027011,244233
"74747_at","74747_at",0.0864807614286777,0.00106137627898669,3.71670800601515,-0.742593544438549,0.302048323628958,74747
"68192_at","68192_at",0.0864807614286777,0.00106824043608108,-3.71414028004654,-0.748389768307011,-0.0916422901336613,68192
"68118_at","68118_at",0.0864807614286777,0.00107880818379858,-3.71021861939679,-0.757240627349148,-0.160056950997538,68118
"269344_at","269344_at",0.0864807614286777,0.00108479762537099,3.70801266538229,-0.762218399013903,0.228390376051026,269344
"107373_at","107373_at",0.0864807614286777,0.00108958351077753,-3.7062585660457,-0.766176098355151,-0.152822894689459,107373
"66412_at","66412_at",0.0864807614286777,0.00109134174741984,3.70561604466726,-0.76762569082031,0.116194151964585,66412
"386612_at","386612_at",0.086799920483659,0.00110565113683758,-3.70042435907231,-0.779336657252755,-0.1853936336497,386612
"19041_at","19041_at",0.086799920483659,0.00110833231800371,3.69945892170919,-0.781514016497635,0.187915365137441,19041
"19165_at","19165_at",0.0870764947669958,0.00112799652875931,-3.69244751132019,-0.797323189652827,-0.101701637831177,19165
"70753_at","70753_at",0.0870764947669958,0.00112988800770194,3.69177942625339,-0.79882923023892,0.186723448976149,70753
"19727_at","19727_at",0.0870764947669958,0.00113248502904681,-3.69086392353628,-0.800892918403366,-0.165474301673982,19727
"76967_at","76967_at",0.0870764947669958,0.00114752806880834,-3.68560112963422,-0.812753900028151,-0.105703162129226,76967
"230279_at","230279_at",0.0870764947669958,0.00114911242725107,-3.6850507879849,-0.813994012166605,-0.0970780902340469,230279
"14219_at","14219_at",0.0870764947669958,0.00116085428768813,3.68099519228306,-0.823131418860187,0.159845673925289,14219
"230125_at","230125_at",0.0870764947669958,0.00116893010712958,3.67822912064009,-0.829362194488548,0.103126219193741,230125
"54396_at","54396_at",0.0870764947669958,0.00116955161483958,-3.67801702364778,-0.829839915049978,-0.12360012917691,54396
"100561_at","100561_at",0.0870764947669958,0.00117038299418005,3.6777334782026,-0.830478554223199,0.114486022187499,100561
"170439_at","170439_at",0.0886062527713701,0.00119756061466682,3.66857157568165,-0.851108267950928,0.111812200196012,170439
"76454_at","76454_at",0.0890910448271091,0.00121076539415575,3.66419343066801,-0.860962362337992,0.1408190780177,76454
"319582_at","319582_at",0.0908873755690113,0.00124196458550844,-3.65403228620355,-0.883822169334196,-0.221114985075493,319582
"69433_at","69433_at",0.0919765408089359,0.00126371591314548,3.6470951290605,-0.899420484757688,0.20887865908352,69433
"20765_at","20765_at",0.0934409210438785,0.00129081320139767,3.63861484191435,-0.918479183284921,0.132932923987675,20765
"11988_at","11988_at",0.0935971754290399,0.00130367001221212,3.63465203735195,-0.927381670809423,0.0951810763133754,11988
"53972_at","53972_at",0.0935971754290399,0.00130694980624481,3.63364724787124,-0.929638578976517,0.216800121866195,53972
"100039864_at","100039864_at",0.0951982970346981,0.0013364157588503,3.62472931673741,-0.949663108911648,0.145782471824361,100039864
"12660_at","12660_at",0.0957864453658812,0.00135182483379268,-3.6201421124584,-0.959958754196852,-0.299285694530364,12660
"51897_at","51897_at",0.0968988228907471,0.00137475928533766,-3.61340857629159,-0.975066008656051,-0.0983872320698134,51897
"14218_at","14218_at",0.097388557544787,0.00138897957669163,-3.60928852161166,-0.984306344140432,-0.114444928508199,14218
"54369_at","54369_at",0.0976162699528434,0.00139951641509453,-3.60626221948744,-0.991092011810702,-0.109224643080697,54369
"14388_at","14388_at",0.0978069286906421,0.00141196616335222,3.60271511516039,-0.999043669772906,0.0976068150739557,14388
"13641_at","13641_at",0.0978069286906421,0.00141685664321868,-3.60133011646843,-1.0021479459573,-0.0964516224384395,13641
"20776_at","20776_at",0.0980173230027849,0.00142722356522872,-3.59840957574889,-1.00869295905513,-0.15742317412664,20776
"226744_at","226744_at",0.0986297166259065,0.00144923211018931,3.59227758621401,-1.02243065772844,0.132268098158963,226744
"67724_at","67724_at",0.0986297166259065,0.00145820511425374,-3.58980364481412,-1.02797146765661,-0.149816966281834,67724
"13421_at","13421_at",0.0986297166259065,0.00147062144570974,-3.58640479323158,-1.03558222182961,-0.0904695620206231,13421
"100637_at","100637_at",0.0986297166259065,0.00147760108760749,3.58450648601084,-1.03983215409972,0.104829267115945,100637
"14783_at","14783_at",0.0986297166259065,0.00147893185412452,3.58414554281897,-1.04064017046885,0.0972300246409445,14783
"80890_at","80890_at",0.0986297166259065,0.00148042065681534,-3.58374211181926,-1.04154327700185,-0.132262048318354,80890
"106052_at","106052_at",0.0986297166259065,0.00149731974743767,-3.57919045935437,-1.05173068062495,-0.100606282896819,106052
"18708_at","18708_at",0.0986297166259065,0.00150985399210528,3.57584677955401,-1.05921235233382,0.0858867942733523,18708
"233067_at","233067_at",0.0986297166259065,0.00151078064972782,-3.57560065961624,-1.05976298983581,-0.374297857483015,233067
"378425_at","378425_at",0.0986297166259065,0.00151516199148336,-3.57443897193832,-1.06236187305572,-0.180961009941474,378425
"103142_at","103142_at",0.0986297166259065,0.00151715364582861,3.57391198163116,-1.06354076518325,0.093470682451648,103142
"66343_at","66343_at",0.0997613650482105,0.00154201034684734,-3.56739121625756,-1.07812425062696,-0.133425984590764,66343
"270685_at","270685_at",0.100314063251781,0.00156001010457448,3.56273309131556,-1.08853784254173,0.223227911859103,270685
"71519_at","71519_at",0.100314063251781,0.00156879736600977,-3.56047810100002,-1.09357779267003,-0.211947694084394,71519
"15904_at","15904_at",0.100314063251781,0.0015730251853998,-3.55939755113005,-1.09599255358241,-0.190031054992878,15904
"12013_at","12013_at",0.101150731238379,0.0015993650284515,3.55272884036505,-1.11089128495467,0.110602154924493,12013
"19364_at","19364_at",0.101150731238379,0.00160187754295451,-3.55209833944453,-1.11229952875354,-0.108531987441464,19364
"108138_at","108138_at",0.101150731238379,0.00162411880747216,-3.54655878424946,-1.12466950868912,-0.1249560326666,108138
"194655_at","194655_at",0.101150731238379,0.00163169386200334,-3.54468899759671,-1.12884365825679,-0.109616043280017,194655
"17769_at","17769_at",0.101150731238379,0.00163432837135824,-3.54404069588799,-1.13029080581576,-0.153670756222425,17769
"235633_at","235633_at",0.101150731238379,0.00163883019754946,-3.54293524253564,-1.13275825351897,-0.120783922519129,235633
"107513_at","107513_at",0.101150731238379,0.00163901647839965,-3.54288956396553,-1.13286020688462,-0.0783777524344207,107513
"227333_at","227333_at",0.101704642885878,0.00166117030833583,3.53749298828659,-1.14490279307971,0.121075796243472,227333
"17988_at","17988_at",0.101704642885878,0.00166318076403877,-3.5370067340508,-1.14598764375351,-0.197200148225577,17988
"72240_at","72240_at",0.102162424043986,0.00169395321043834,3.52963480767933,-1.16242984645199,0.17072754803559,72240
"71795_at","71795_at",0.102162424043986,0.00170040639734077,3.52810546134758,-1.16583973150562,0.0982749463319457,71795
"20846_at","20846_at",0.102162424043986,0.00170144821547706,-3.52785909134511,-1.16638901007299,-0.0802442826979224,20846
"66664_at","66664_at",0.102162424043986,0.00171571501921039,3.52450000347021,-1.17387703075199,0.086893897837713,66664
"68971_at","68971_at",0.102162424043986,0.00171645222907521,3.52432717075879,-1.1742622549529,0.124801287003589,68971
"74032_at","74032_at",0.102162424043986,0.00172141086453695,-3.52316653938514,-1.17684903774559,-0.0895309061237901,74032
"331026_at","331026_at",0.102162424043986,0.0017240671919012,-3.52254613403777,-1.17823168638219,-0.154176215983961,331026
"56489_at","56489_at",0.103268729596315,0.00175044814951937,-3.51643481453765,-1.19184801191565,-0.125834672997687,56489
"60533_at","60533_at",0.103489324454541,0.00176191502207551,-3.51380641845339,-1.19770225233381,-0.196111022048268,60533
"12580_at","12580_at",0.104158079739466,0.00178618781332298,3.50829732441368,-1.20996884321695,0.208506963534691,12580
"14012_at","14012_at",0.104158079739466,0.00178885590950397,3.50769621971614,-1.21130695150172,0.0992625288720359,14012
"211914_at","211914_at",0.104239027580319,0.00179802982161393,-3.50563605060089,-1.21589258330461,-0.267548591396531,211914
"74137_at","74137_at",0.104977094654484,0.00182996398547673,-3.4985437703997,-1.23167332297457,-0.158874639245572,74137
"12953_at","12953_at",0.104977094654484,0.00183225344621835,3.498039950375,-1.23279401898595,0.156306224734279,12953
"236733_at","236733_at",0.104977094654484,0.00183427719154341,3.49759511482583,-1.23378347322268,0.144105625611366,236733
"70981_at","70981_at",0.105111967498062,0.00184746198465362,3.49470865572033,-1.2402030254564,0.238381926103111,70981
"21848_at","21848_at",0.105111967498062,0.00185233156582607,3.4936476682152,-1.24256231934876,0.125167325433232,21848
"217716_at","217716_at",0.105615181129381,0.001869085866761,-3.49001789480851,-1.25063226756875,-0.149890779967445,217716
"622434_at","622434_at",0.106267400435807,0.00188856341873671,3.48583780567888,-1.25992283318526,0.111265925352221,622434
"64818_at","64818_at",0.10659142318754,0.00190228122325433,3.48291896906357,-1.26640833304378,0.108420025915758,64818
"635702_at","635702_at",0.10726184585236,0.00192225530201361,3.47870542249129,-1.27576793400021,0.0994158165641714,635702
"17768_at","17768_at",0.109416284641449,0.00197522990331332,-3.46773374234656,-1.30012451365682,-0.179821841754232,17768
"14293_at","14293_at",0.109416284641449,0.0019772058604563,-3.46733006705234,-1.3010202380775,-0.241145207576249,14293
"72999_at","72999_at",0.109899824845115,0.0019941500475928,-3.46388452789914,-1.30866442002659,-0.138398106526028,72999
"13124_at","13124_at",0.110145541236839,0.00201086256634008,-3.4605139246868,-1.3161402587265,-0.163692606887878,13124
"17691_at","17691_at",0.110145541236839,0.00201505806474204,3.45967205637837,-1.31800715889041,0.272374544271159,17691
"232406_at","232406_at",0.110985678972412,0.00203871542915272,-3.45495669484332,-1.32846139091666,-0.187728250391162,232406
"228880_at","228880_at",0.111657217772682,0.00205938864918253,-3.45087955920336,-1.3374973394236,-0.114689112079365,228880
"67231_at","67231_at",0.115399572827385,0.00213702912643306,3.43591532158637,-1.37063534301068,0.0823989662021165,67231
"545966_at","545966_at",0.116613417166304,0.00216821541774266,-3.43005304258179,-1.38360578504924,-0.133477610198919,545966
"66654_at","66654_at",0.116617991257849,0.00219109871354956,-3.42580348986842,-1.39300395651009,-0.288660355583956,66654
